,index,section,relative_order,first_to_perform,last_to_perform,relative_rank
0,36,grand-final,0.88,0,0,0.96
1,37,grand-final,0.4,0,0,0.92
2,38,grand-final,0.36,0,0,0.8
3,39,grand-final,0.24,0,0,0.08
4,40,grand-final,0.52,0,0,0.04
5,41,grand-final,0.48,0,0,1.0
6,42,grand-final,0.44,0,0,0.6
7,43,grand-final,0.92,0,0,0.56
8,44,grand-final,1.0,0,1,0.52
9,45,grand-final,0.56,0,0,0.48
10,46,grand-final,0.84,0,0,0.44
11,47,grand-final,0.6,0,0,0.4
12,48,grand-final,0.2,0,0,0.36
13,49,grand-final,0.08,0,0,0.32
14,50,grand-final,0.64,0,0,0.28
15,51,grand-final,0.8,0,0,0.88
16,52,grand-final,0.96,0,0,0.84
17,53,grand-final,0.76,0,0,0.76
18,54,grand-final,0.68,0,0,0.72
19,55,grand-final,0.12,0,0,0.68
20,56,grand-final,0.28,0,0,0.64
21,57,grand-final,0.32,0,0,0.24
22,58,grand-final,0.16,0,0,0.2
23,59,grand-final,0.04,1,0,0.16
24,60,grand-final,0.72,0,0,0.12
25,94,grand-final,0.9230769230769231,0,0,1.0
26,95,grand-final,0.7692307692307693,0,0,0.9615384615384616
27,96,grand-final,0.7307692307692307,0,0,0.8461538461538461
28,97,grand-final,0.23076923076923078,0,0,0.7692307692307693
29,98,grand-final,0.6923076923076923,0,0,0.7307692307692307
30,99,grand-final,0.19230769230769232,0,0,0.6923076923076923
31,100,grand-final,0.6538461538461539,0,0,0.6153846153846154
32,101,grand-final,0.9615384615384616,0,0,0.5
33,102,grand-final,0.3076923076923077,0,0,0.46153846153846156
34,103,grand-final,0.038461538461538464,1,0,0.4230769230769231
35,104,grand-final,0.11538461538461539,0,0,0.38461538461538464
36,105,grand-final,0.8461538461538461,0,0,0.34615384615384615
37,106,grand-final,0.15384615384615385,0,0,0.3076923076923077
38,107,grand-final,0.8076923076923077,0,0,0.2692307692307692
39,108,grand-final,0.8846153846153846,0,0,0.15384615384615385
40,109,grand-final,0.46153846153846156,0,0,0.8846153846153846
41,110,grand-final,0.6153846153846154,0,0,0.8076923076923077
42,111,grand-final,0.38461538461538464,0,0,0.6538461538461539
43,112,grand-final,0.2692307692307692,0,0,0.5769230769230769
44,113,grand-final,0.5384615384615384,0,0,0.5384615384615384
45,114,grand-final,1.0,0,1,0.19230769230769232
46,115,grand-final,0.4230769230769231,0,0,0.9230769230769231
47,116,grand-final,0.07692307692307693,0,0,0.23076923076923078
48,117,grand-final,0.5,0,0,0.11538461538461539
49,118,grand-final,0.5769230769230769,0,0,0.07692307692307693
50,119,grand-final,0.34615384615384615,0,0,0.038461538461538464
51,196,grand-final,0.8461538461538461,0,0,0.9615384615384616
52,197,grand-final,1.0,0,1,0.19230769230769232
53,198,grand-final,0.5384615384615384,0,0,0.15384615384615385
54,199,grand-final,0.6153846153846154,0,0,0.038461538461538464
55,200,grand-final,0.9615384615384616,0,0,0.6923076923076923
56,201,grand-final,0.9230769230769231,0,0,0.8846153846153846
57,202,grand-final,0.34615384615384615,0,0,0.8461538461538461
58,203,grand-final,0.5769230769230769,0,0,0.8076923076923077
59,204,grand-final,0.3076923076923077,0,0,0.7692307692307693
60,205,grand-final,0.7692307692307693,0,0,0.7307692307692307
61,206,grand-final,0.6538461538461539,0,0,0.6538461538461539
62,207,grand-final,0.4230769230769231,0,0,0.5384615384615384
63,208,grand-final,0.038461538461538464,1,0,0.5
64,209,grand-final,0.38461538461538464,0,0,0.46153846153846156
65,210,grand-final,0.8076923076923077,0,0,0.4230769230769231
66,211,grand-final,0.11538461538461539,0,0,0.6153846153846154
67,212,grand-final,0.23076923076923078,0,0,0.5769230769230769
68,213,grand-final,0.46153846153846156,0,0,1.0
69,214,grand-final,0.19230769230769232,0,0,0.9230769230769231
70,215,grand-final,0.07692307692307693,0,0,0.38461538461538464
71,216,grand-final,0.8846153846153846,0,0,0.34615384615384615
72,217,grand-final,0.2692307692307692,0,0,0.3076923076923077
73,218,grand-final,0.6923076923076923,0,0,0.2692307692307692
74,219,grand-final,0.5,0,0,0.23076923076923078
75,220,grand-final,0.7307692307692307,0,0,0.11538461538461539
76,221,grand-final,0.15384615384615385,0,0,0.07692307692307693
77,259,grand-final,0.8846153846153846,0,0,0.34615384615384615
78,260,grand-final,0.7307692307692307,0,0,0.6538461538461539
79,261,grand-final,0.038461538461538464,1,0,0.38461538461538464
80,262,grand-final,0.2692307692307692,0,0,0.46153846153846156
81,263,grand-final,0.11538461538461539,0,0,0.19230769230769232
82,264,grand-final,0.23076923076923078,0,0,0.7307692307692307
83,265,grand-final,0.8461538461538461,0,0,1.0
84,266,grand-final,0.6153846153846154,0,0,0.2692307692307692
85,267,grand-final,0.5769230769230769,0,0,0.6923076923076923
86,268,grand-final,0.38461538461538464,0,0,0.3076923076923077
87,269,grand-final,0.5384615384615384,0,0,0.8076923076923077
88,270,grand-final,0.9615384615384616,0,0,0.9615384615384616
89,271,grand-final,0.9230769230769231,0,0,0.4230769230769231
90,272,grand-final,0.46153846153846156,0,0,0.6153846153846154
91,273,grand-final,0.8076923076923077,0,0,0.23076923076923078
92,274,grand-final,0.7692307692307693,0,0,0.7692307692307693
93,275,grand-final,0.15384615384615385,0,0,0.5769230769230769
94,276,grand-final,0.19230769230769232,0,0,0.9230769230769231
95,277,grand-final,0.6923076923076923,0,0,0.5
96,278,grand-final,0.6538461538461539,0,0,0.07692307692307693
97,279,grand-final,0.3076923076923077,0,0,0.038461538461538464
98,280,grand-final,0.34615384615384615,0,0,0.11538461538461539
99,281,grand-final,0.07692307692307693,0,0,0.15384615384615385
100,282,grand-final,1.0,0,1,0.8461538461538461
101,283,grand-final,0.5,0,0,0.5384615384615384
102,284,grand-final,0.4230769230769231,0,0,0.8846153846153846
103,321,grand-final,1.0,0,1,0.5769230769230769
104,322,grand-final,0.8076923076923077,0,0,0.07692307692307693
105,323,grand-final,0.6153846153846154,0,0,0.038461538461538464
106,324,grand-final,0.6923076923076923,0,0,0.46153846153846156
107,325,grand-final,0.34615384615384615,0,0,0.8076923076923077
108,326,grand-final,0.8461538461538461,0,0,0.11538461538461539
109,327,grand-final,0.07692307692307693,0,0,0.19230769230769232
110,328,grand-final,0.5769230769230769,0,0,0.3076923076923077
111,329,grand-final,0.2692307692307692,0,0,0.9230769230769231
112,330,grand-final,0.19230769230769232,0,0,0.34615384615384615
113,331,grand-final,0.9230769230769231,0,0,0.8461538461538461
114,332,grand-final,0.8846153846153846,0,0,0.8846153846153846
115,333,grand-final,0.5384615384615384,0,0,0.6923076923076923
116,334,grand-final,0.46153846153846156,0,0,0.5
117,335,grand-final,0.7307692307692307,0,0,0.23076923076923078
118,336,grand-final,0.4230769230769231,0,0,1.0
119,337,grand-final,0.6538461538461539,0,0,0.6538461538461539
120,338,grand-final,0.11538461538461539,0,0,0.38461538461538464
121,339,grand-final,0.5,0,0,0.5384615384615384
122,340,grand-final,0.9615384615384616,0,0,0.9615384615384616
123,341,grand-final,0.038461538461538464,1,0,0.15384615384615385
124,342,grand-final,0.15384615384615385,0,0,0.4230769230769231
125,343,grand-final,0.3076923076923077,0,0,0.7307692307692307
126,344,grand-final,0.7692307692307693,0,0,0.7692307692307693
127,345,grand-final,0.38461538461538464,0,0,0.2692307692307692
128,346,grand-final,0.23076923076923078,0,0,0.6153846153846154
129,383,grand-final,0.5769230769230769,0,0,0.34615384615384615
130,384,grand-final,0.46153846153846156,0,0,0.7307692307692307
131,385,grand-final,0.038461538461538464,1,0,0.6538461538461539
132,386,grand-final,0.8076923076923077,0,0,1.0
133,387,grand-final,0.6153846153846154,0,0,0.6923076923076923
134,388,grand-final,0.5,0,0,0.9615384615384616
135,389,grand-final,0.8846153846153846,0,0,0.2692307692307692
136,390,grand-final,0.3076923076923077,0,0,0.8846153846153846
137,391,grand-final,0.7692307692307693,0,0,0.46153846153846156
138,392,grand-final,0.2692307692307692,0,0,0.5
139,393,grand-final,0.9230769230769231,0,0,0.5384615384615384
140,394,grand-final,0.11538461538461539,0,0,0.6153846153846154
141,395,grand-final,0.6923076923076923,0,0,0.9230769230769231
142,396,grand-final,0.19230769230769232,0,0,0.3076923076923077
143,397,grand-final,0.07692307692307693,0,0,0.07692307692307693
144,398,grand-final,1.0,0,1,0.7692307692307693
145,399,grand-final,0.8461538461538461,0,0,0.5769230769230769
146,400,grand-final,0.5384615384615384,0,0,0.23076923076923078
147,401,grand-final,0.6538461538461539,0,0,0.15384615384615385
148,402,grand-final,0.15384615384615385,0,0,0.38461538461538464
149,403,grand-final,0.9615384615384616,0,0,0.11538461538461539
150,404,grand-final,0.4230769230769231,0,0,0.8076923076923077
151,405,grand-final,0.23076923076923078,0,0,0.4230769230769231
152,406,grand-final,0.7307692307692307,0,0,0.19230769230769232
153,407,grand-final,0.38461538461538464,0,0,0.038461538461538464
154,408,grand-final,0.34615384615384615,0,0,0.8461538461538461
155,442,grand-final,0.4444444444444444,0,0,0.8518518518518519
156,443,grand-final,0.7777777777777778,0,0,0.25925925925925924
157,444,grand-final,0.07407407407407407,0,0,0.1111111111111111
158,445,grand-final,1.0,0,1,0.9259259259259259
159,446,grand-final,0.18518518518518517,0,0,0.14814814814814814
160,447,grand-final,0.2222222222222222,0,0,0.4444444444444444
161,448,grand-final,0.8148148148148148,0,0,0.2962962962962963
162,449,grand-final,0.48148148148148145,0,0,0.8888888888888888
163,450,grand-final,0.8518518518518519,0,0,0.6296296296296297
164,451,grand-final,0.9629629629629629,0,0,0.4074074074074074
165,452,grand-final,0.9259259259259259,0,0,0.9629629629629629
166,453,grand-final,0.14814814814814814,0,0,0.7777777777777778
167,454,grand-final,0.7407407407407407,0,0,0.48148148148148145
168,455,grand-final,0.5555555555555556,0,0,0.3333333333333333
169,456,grand-final,0.2962962962962963,0,0,0.6666666666666666
170,457,grand-final,0.37037037037037035,0,0,1.0
171,458,grand-final,0.5925925925925926,0,0,0.5555555555555556
172,459,grand-final,0.5185185185185185,0,0,0.07407407407407407
173,460,grand-final,0.6296296296296297,0,0,0.037037037037037035
174,461,grand-final,0.4074074074074074,0,0,0.2222222222222222
175,462,grand-final,0.1111111111111111,0,0,0.7037037037037037
176,463,grand-final,0.6666666666666666,0,0,0.18518518518518517
177,464,grand-final,0.25925925925925924,0,0,0.37037037037037035
178,465,grand-final,0.7037037037037037,0,0,0.8148148148148148
179,466,grand-final,0.037037037037037035,1,0,0.5185185185185185
180,467,grand-final,0.8888888888888888,0,0,0.5925925925925926
181,468,grand-final,0.3333333333333333,0,0,0.7407407407407407
182,500,grand-final,1.0,0,1,0.38461538461538464
183,501,grand-final,0.6153846153846154,0,0,0.23076923076923078
184,502,grand-final,0.46153846153846156,0,0,0.34615384615384615
185,503,grand-final,0.8846153846153846,0,0,0.6923076923076923
186,504,grand-final,0.5384615384615384,0,0,0.038461538461538464
187,505,grand-final,0.7307692307692307,0,0,0.6538461538461539
188,506,grand-final,0.9230769230769231,0,0,0.9615384615384616
189,507,grand-final,0.038461538461538464,1,0,0.8076923076923077
190,508,grand-final,0.9615384615384616,0,0,0.11538461538461539
191,509,grand-final,0.3076923076923077,0,0,0.3076923076923077
192,510,grand-final,0.8076923076923077,0,0,0.8461538461538461
193,511,grand-final,0.2692307692307692,0,0,0.8846153846153846
194,512,grand-final,0.11538461538461539,0,0,0.19230769230769232
195,513,grand-final,0.5769230769230769,0,0,0.7692307692307693
196,514,grand-final,0.15384615384615385,0,0,0.46153846153846156
197,515,grand-final,0.5,0,0,0.9230769230769231
198,516,grand-final,0.38461538461538464,0,0,0.2692307692307692
199,517,grand-final,0.7692307692307693,0,0,0.5384615384615384
200,518,grand-final,0.07692307692307693,0,0,0.4230769230769231
201,519,grand-final,0.6538461538461539,0,0,0.07692307692307693
202,520,grand-final,0.23076923076923078,0,0,0.5769230769230769
203,521,grand-final,0.6923076923076923,0,0,0.6153846153846154
204,522,grand-final,0.8461538461538461,0,0,0.15384615384615385
205,523,grand-final,0.34615384615384615,0,0,0.5
206,524,grand-final,0.4230769230769231,0,0,1.0
207,525,grand-final,0.19230769230769232,0,0,0.7307692307692307
208,559,grand-final,0.46153846153846156,0,0,0.34615384615384615
209,560,grand-final,0.5,0,0,0.6923076923076923
210,561,grand-final,0.23076923076923078,0,0,0.5769230769230769
211,562,grand-final,0.6538461538461539,0,0,0.6538461538461539
212,563,grand-final,0.15384615384615385,0,0,0.11538461538461539
213,564,grand-final,0.8461538461538461,0,0,0.9230769230769231
214,565,grand-final,0.38461538461538464,0,0,0.8461538461538461
215,566,grand-final,0.5384615384615384,0,0,0.5384615384615384
216,567,grand-final,0.9615384615384616,0,0,0.46153846153846156
217,568,grand-final,0.7692307692307693,0,0,0.9615384615384616
218,569,grand-final,1.0,0,1,0.038461538461538464
219,570,grand-final,0.11538461538461539,0,0,0.6153846153846154
220,571,grand-final,0.9230769230769231,0,0,0.8846153846153846
221,572,grand-final,0.2692307692307692,0,0,0.2692307692307692
222,573,grand-final,0.3076923076923077,0,0,0.4230769230769231
223,574,grand-final,0.34615384615384615,0,0,0.7307692307692307
224,575,grand-final,0.07692307692307693,0,0,0.19230769230769232
225,576,grand-final,0.7307692307692307,0,0,0.38461538461538464
226,577,grand-final,0.8076923076923077,0,0,0.8076923076923077
227,578,grand-final,0.6923076923076923,0,0,1.0
228,579,grand-final,0.19230769230769232,0,0,0.07692307692307693
229,580,grand-final,0.8846153846153846,0,0,0.7692307692307693
230,581,grand-final,0.5769230769230769,0,0,0.3076923076923077
231,582,grand-final,0.6153846153846154,0,0,0.5
232,583,grand-final,0.4230769230769231,0,0,0.23076923076923078
233,584,grand-final,0.038461538461538464,1,0,0.15384615384615385
234,621,grand-final,0.34615384615384615,0,0,0.19230769230769232
235,622,grand-final,0.5,0,0,0.8846153846153846
236,623,grand-final,0.038461538461538464,1,0,0.07692307692307693
237,624,grand-final,0.38461538461538464,0,0,0.6923076923076923
238,625,grand-final,0.7307692307692307,0,0,0.6538461538461539
239,626,grand-final,0.7692307692307693,0,0,0.7307692307692307
240,627,grand-final,0.19230769230769232,0,0,0.34615384615384615
241,628,grand-final,0.15384615384615385,0,0,0.5
242,629,grand-final,0.9615384615384616,0,0,0.46153846153846156
243,630,grand-final,0.46153846153846156,0,0,0.038461538461538464
244,631,grand-final,0.8076923076923077,0,0,0.23076923076923078
245,632,grand-final,0.6923076923076923,0,0,0.7692307692307693
246,633,grand-final,0.4230769230769231,0,0,0.8076923076923077
247,634,grand-final,0.8461538461538461,0,0,0.5384615384615384
248,635,grand-final,0.6538461538461539,0,0,1.0
249,636,grand-final,0.9230769230769231,0,0,0.9230769230769231
250,637,grand-final,0.07692307692307693,0,0,0.11538461538461539
251,638,grand-final,0.8846153846153846,0,0,0.3076923076923077
252,639,grand-final,0.6153846153846154,0,0,0.38461538461538464
253,640,grand-final,0.23076923076923078,0,0,0.9615384615384616
254,641,grand-final,0.5769230769230769,0,0,0.15384615384615385
255,642,grand-final,0.11538461538461539,0,0,0.8461538461538461
256,643,grand-final,0.5384615384615384,0,0,0.5769230769230769
257,644,grand-final,0.3076923076923077,0,0,0.4230769230769231
258,645,grand-final,1.0,0,1,0.6153846153846154
259,646,grand-final,0.2692307692307692,0,0,0.2692307692307692
260,685,grand-final,0.88,0,0,0.12
261,686,grand-final,0.44,0,0,0.44
262,687,grand-final,0.56,0,0,0.6
263,688,grand-final,0.48,0,0,0.96
264,689,grand-final,0.64,0,0,0.64
265,690,grand-final,0.72,0,0,0.32
266,691,grand-final,0.08,0,0,0.8
267,692,grand-final,0.6,0,0,0.56
268,693,grand-final,0.28,0,0,0.92
269,694,grand-final,0.92,0,0,0.88
270,695,grand-final,0.12,0,0,0.84
271,696,grand-final,0.32,0,0,0.08
272,697,grand-final,0.24,0,0,0.72
273,698,grand-final,0.68,0,0,0.36
274,699,grand-final,0.8,0,0,0.52
275,700,grand-final,0.04,1,0,0.2
276,701,grand-final,1.0,0,1,0.68
277,702,grand-final,0.36,0,0,0.76
278,703,grand-final,0.84,0,0,0.24
279,704,grand-final,0.4,0,0,0.4
280,705,grand-final,0.96,0,0,0.48
281,706,grand-final,0.52,0,0,0.04
282,707,grand-final,0.76,0,0,1.0
283,708,grand-final,0.2,0,0,0.16
284,709,grand-final,0.16,0,0,0.28
285,744,grand-final,0.84,0,0,0.76
286,745,grand-final,0.96,0,0,0.48
287,746,grand-final,0.76,0,0,0.92
288,747,grand-final,0.2,0,0,0.2
289,748,grand-final,0.04,1,0,0.84
290,749,grand-final,1.0,0,1,0.88
291,750,grand-final,0.68,0,0,0.64
292,751,grand-final,0.4,0,0,0.12
293,752,grand-final,0.56,0,0,0.96
294,753,grand-final,0.52,0,0,0.68
295,754,grand-final,0.6,0,0,0.4
296,755,grand-final,0.28,0,0,0.8
297,756,grand-final,0.36,0,0,0.08
298,757,grand-final,0.92,0,0,0.32
299,758,grand-final,0.16,0,0,0.16
300,759,grand-final,0.64,0,0,0.28
301,760,grand-final,0.24,0,0,0.36
302,761,grand-final,0.44,0,0,0.72
303,762,grand-final,0.8,0,0,0.6
304,763,grand-final,0.32,0,0,0.52
305,764,grand-final,0.48,0,0,0.04
306,765,grand-final,0.72,0,0,0.56
307,766,grand-final,0.08,0,0,0.44
308,767,grand-final,0.88,0,0,1.0
309,768,grand-final,0.12,0,0,0.24
310,806,grand-final,0.12,0,0,0.72
311,807,grand-final,0.68,0,0,0.24
312,808,grand-final,0.92,0,0,0.84
313,809,grand-final,1.0,0,1,0.08
314,810,grand-final,0.4,0,0,0.6
315,811,grand-final,0.76,0,0,0.36
316,812,grand-final,0.52,0,0,0.48
317,813,grand-final,0.6,0,0,0.8
318,814,grand-final,0.2,0,0,0.32
319,815,grand-final,0.04,1,0,0.12
320,816,grand-final,0.32,0,0,0.76
321,817,grand-final,0.84,0,0,0.56
322,818,grand-final,0.8,0,0,1.0
323,819,grand-final,0.44,0,0,0.92
324,820,grand-final,0.64,0,0,0.52
325,821,grand-final,0.36,0,0,0.64
326,822,grand-final,0.56,0,0,0.16
327,823,grand-final,0.88,0,0,0.28
328,824,grand-final,0.72,0,0,0.88
329,825,grand-final,0.96,0,0,0.04
330,826,grand-final,0.24,0,0,0.44
331,827,grand-final,0.28,0,0,0.96
332,828,grand-final,0.08,0,0,0.4
333,829,grand-final,0.48,0,0,0.68
334,830,grand-final,0.16,0,0,0.2
335,869,grand-final,0.68,0,0,0.6
336,870,grand-final,0.48,0,0,0.76
337,871,grand-final,0.6,0,0,0.32
338,872,grand-final,0.12,0,0,0.36
339,873,grand-final,0.56,0,0,0.56
340,874,grand-final,0.44,0,0,0.48
341,875,grand-final,0.72,0,0,0.96
342,876,grand-final,0.52,0,0,0.52
343,877,grand-final,0.64,0,0,0.44
344,878,grand-final,0.36,0,0,0.2
345,879,grand-final,0.08,0,0,0.04
346,880,grand-final,0.88,0,0,0.4
347,881,grand-final,0.92,0,0,0.8
348,882,grand-final,0.16,0,0,0.12
349,883,grand-final,0.76,0,0,0.28
350,884,grand-final,0.96,0,0,1.0
351,885,grand-final,0.8,0,0,0.72
352,886,grand-final,0.2,0,0,0.88
353,887,grand-final,1.0,0,1,0.84
354,888,grand-final,0.04,1,0,0.24
355,889,grand-final,0.24,0,0,0.64
356,890,grand-final,0.4,0,0,0.08
357,891,grand-final,0.28,0,0,0.68
358,892,grand-final,0.84,0,0,0.92
359,893,grand-final,0.32,0,0,0.16
360,922,grand-final,0.9583333333333334,0,0,0.7083333333333334
361,923,grand-final,0.8333333333333334,0,0,0.5
362,924,grand-final,0.7916666666666666,0,0,0.125
363,925,grand-final,0.75,0,0,0.9583333333333334
364,926,grand-final,0.6666666666666666,0,0,0.25
365,927,grand-final,0.625,0,0,0.9166666666666666
366,928,grand-final,0.041666666666666664,1,0,0.5833333333333334
367,929,grand-final,0.08333333333333333,0,0,0.20833333333333334
368,930,grand-final,0.16666666666666666,0,0,0.041666666666666664
369,931,grand-final,0.20833333333333334,0,0,0.3333333333333333
370,932,grand-final,0.375,0,0,0.16666666666666666
371,933,grand-final,0.4166666666666667,0,0,0.75
372,934,grand-final,0.5,0,0,0.2916666666666667
373,935,grand-final,0.5416666666666666,0,0,0.125
374,936,grand-final,0.5833333333333334,0,0,0.375
375,937,grand-final,0.9166666666666666,0,0,0.875
376,938,grand-final,0.2916666666666667,0,0,0.4166666666666667
377,939,grand-final,0.3333333333333333,0,0,0.6666666666666666
378,940,grand-final,0.25,0,0,0.4583333333333333
379,941,grand-final,0.7083333333333334,0,0,1.0
380,942,grand-final,1.0,0,1,0.625
381,943,grand-final,0.4583333333333333,0,0,0.5416666666666666
382,944,grand-final,0.125,0,0,0.7916666666666666
383,945,grand-final,0.875,0,0,0.8333333333333334
384,970,grand-final,0.8333333333333334,0,0,0.5416666666666666
385,971,grand-final,0.7916666666666666,0,0,0.125
386,972,grand-final,0.6666666666666666,0,0,0.6666666666666666
387,973,grand-final,0.625,0,0,0.25
388,974,grand-final,0.5,0,0,0.875
389,975,grand-final,0.041666666666666664,1,0,0.375
390,976,grand-final,0.08333333333333333,0,0,0.20833333333333334
391,977,grand-final,0.125,0,0,0.08333333333333333
392,978,grand-final,0.16666666666666666,0,0,0.375
393,979,grand-final,0.20833333333333334,0,0,0.4583333333333333
394,980,grand-final,0.25,0,0,0.16666666666666666
395,981,grand-final,0.2916666666666667,0,0,0.041666666666666664
396,982,grand-final,0.3333333333333333,0,0,0.4583333333333333
397,983,grand-final,0.375,0,0,0.2916666666666667
398,984,grand-final,1.0,0,1,0.7083333333333334
399,985,grand-final,0.875,0,0,0.625
400,986,grand-final,0.4583333333333333,0,0,0.5416666666666666
401,987,grand-final,0.4166666666666667,0,0,0.9583333333333334
402,988,grand-final,0.9583333333333334,0,0,0.5833333333333334
403,989,grand-final,0.75,0,0,0.75
404,990,grand-final,0.7083333333333334,0,0,1.0
405,991,grand-final,0.5833333333333334,0,0,0.7916666666666666
406,992,grand-final,0.9166666666666666,0,0,0.8333333333333334
407,993,grand-final,0.5416666666666666,0,0,0.9166666666666666
408,1019,grand-final,1.0,0,1,0.08333333333333333
409,1020,grand-final,0.875,0,0,0.4583333333333333
410,1021,grand-final,0.8333333333333334,0,0,0.4166666666666667
411,1022,grand-final,0.7916666666666666,0,0,1.0
412,1023,grand-final,0.7083333333333334,0,0,0.041666666666666664
413,1024,grand-final,0.6666666666666666,0,0,0.25
414,1025,grand-final,0.5833333333333334,0,0,0.25
415,1026,grand-final,0.5,0,0,0.75
416,1027,grand-final,0.4166666666666667,0,0,0.16666666666666666
417,1028,grand-final,0.375,0,0,0.2916666666666667
418,1029,grand-final,0.3333333333333333,0,0,0.375
419,1030,grand-final,0.25,0,0,0.5
420,1031,grand-final,0.125,0,0,0.9583333333333334
421,1032,grand-final,0.08333333333333333,0,0,0.125
422,1033,grand-final,0.5416666666666666,0,0,0.6666666666666666
423,1034,grand-final,0.75,0,0,0.5833333333333334
424,1035,grand-final,0.9166666666666666,0,0,0.7083333333333334
425,1036,grand-final,0.625,0,0,0.3333333333333333
426,1037,grand-final,0.041666666666666664,1,0,0.5416666666666666
427,1038,grand-final,0.16666666666666666,0,0,0.9166666666666666
428,1039,grand-final,0.20833333333333334,0,0,0.6666666666666666
429,1040,grand-final,0.4583333333333333,0,0,0.875
430,1041,grand-final,0.9583333333333334,0,0,0.8333333333333334
431,1042,grand-final,0.2916666666666667,0,0,0.7916666666666666
432,1065,grand-final,0.041666666666666664,1,0,0.625
433,1066,grand-final,0.08333333333333333,0,0,0.16666666666666666
434,1067,grand-final,0.125,0,0,0.041666666666666664
435,1068,grand-final,0.16666666666666666,0,0,0.4166666666666667
436,1069,grand-final,0.20833333333333334,0,0,0.9583333333333334
437,1070,grand-final,0.25,0,0,0.5416666666666666
438,1071,grand-final,0.2916666666666667,0,0,0.20833333333333334
439,1072,grand-final,0.3333333333333333,0,0,0.7083333333333334
440,1073,grand-final,0.375,0,0,0.75
441,1074,grand-final,0.4166666666666667,0,0,1.0
442,1075,grand-final,1.0,0,1,0.8333333333333334
443,1076,grand-final,0.6666666666666666,0,0,0.9166666666666666
444,1077,grand-final,0.7083333333333334,0,0,0.25
445,1078,grand-final,0.75,0,0,0.125
446,1079,grand-final,0.625,0,0,0.4583333333333333
447,1080,grand-final,0.5833333333333334,0,0,0.5833333333333334
448,1081,grand-final,0.5416666666666666,0,0,0.125
449,1082,grand-final,0.5,0,0,0.6666666666666666
450,1083,grand-final,0.4583333333333333,0,0,0.5416666666666666
451,1084,grand-final,0.9583333333333334,0,0,0.2916666666666667
452,1085,grand-final,0.9166666666666666,0,0,0.875
453,1086,grand-final,0.875,0,0,0.8333333333333334
454,1087,grand-final,0.8333333333333334,0,0,0.375
455,1088,grand-final,0.7916666666666666,0,0,0.3333333333333333
456,1089,final,1.0,0,1,0.15384615384615385
457,1090,final,0.9615384615384616,0,0,0.8461538461538461
458,1091,final,0.9230769230769231,0,0,0.6538461538461539
459,1092,final,0.8846153846153846,0,0,0.23076923076923078
460,1093,final,0.8461538461538461,0,0,0.9615384615384616
461,1094,final,0.8076923076923077,0,0,0.11538461538461539
462,1095,final,0.7692307692307693,0,0,0.7692307692307693
463,1096,final,0.7307692307692307,0,0,0.34615384615384615
464,1097,final,0.6923076923076923,0,0,0.8846153846153846
465,1098,final,0.6538461538461539,0,0,0.38461538461538464
466,1099,final,0.6153846153846154,0,0,0.5
467,1100,final,0.5769230769230769,0,0,0.038461538461538464
468,1101,final,0.5384615384615384,0,0,0.5384615384615384
469,1102,final,0.5,0,0,0.3076923076923077
470,1103,final,0.46153846153846156,0,0,0.7307692307692307
471,1104,final,0.4230769230769231,0,0,0.9230769230769231
472,1105,final,0.38461538461538464,0,0,0.6153846153846154
473,1106,final,0.34615384615384615,0,0,0.2692307692307692
474,1107,final,0.3076923076923077,0,0,0.46153846153846156
475,1108,final,0.2692307692307692,0,0,0.19230769230769232
476,1109,final,0.23076923076923078,0,0,0.4230769230769231
477,1110,final,0.19230769230769232,0,0,0.07692307692307693
478,1111,final,0.15384615384615385,0,0,1.0
479,1112,final,0.11538461538461539,0,0,0.6153846153846154
480,1113,final,0.07692307692307693,0,0,0.8076923076923077
481,1114,final,0.038461538461538464,1,0,0.7307692307692307
482,1115,final,0.041666666666666664,1,0,0.7916666666666666
483,1116,final,0.08333333333333333,0,0,0.9166666666666666
484,1117,final,0.125,0,0,0.2916666666666667
485,1118,final,0.16666666666666666,0,0,0.3333333333333333
486,1119,final,0.20833333333333334,0,0,0.75
487,1120,final,0.25,0,0,0.5833333333333334
488,1121,final,0.2916666666666667,0,0,0.625
489,1122,final,0.3333333333333333,0,0,0.9166666666666666
490,1123,final,0.375,0,0,0.25
491,1124,final,0.4166666666666667,0,0,0.5416666666666666
492,1125,final,0.4583333333333333,0,0,0.125
493,1126,final,0.5,0,0,0.7083333333333334
494,1127,final,0.5416666666666666,0,0,0.20833333333333334
495,1128,final,0.5833333333333334,0,0,0.041666666666666664
496,1129,final,0.625,0,0,0.5
497,1130,final,0.6666666666666666,0,0,0.5
498,1131,final,0.7083333333333334,0,0,0.8333333333333334
499,1132,final,0.75,0,0,0.16666666666666666
500,1133,final,0.7916666666666666,0,0,0.375
501,1134,final,0.8333333333333334,0,0,0.9583333333333334
502,1135,final,0.875,0,0,0.6666666666666666
503,1136,final,0.9166666666666666,0,0,0.5
504,1137,final,0.9583333333333334,0,0,1.0
505,1138,final,1.0,0,1,0.08333333333333333
506,1139,final,1.0,0,1,0.9565217391304348
507,1140,final,0.9565217391304348,0,0,0.9130434782608695
508,1141,final,0.9130434782608695,0,0,0.6521739130434783
509,1142,final,0.8695652173913043,0,0,1.0
510,1143,final,0.8260869565217391,0,0,0.6956521739130435
511,1144,final,0.782608695652174,0,0,0.17391304347826086
512,1145,final,0.7391304347826086,0,0,0.7391304347826086
513,1146,final,0.6956521739130435,0,0,0.391304347826087
514,1147,final,0.6521739130434783,0,0,0.5652173913043478
515,1148,final,0.6086956521739131,0,0,0.8695652173913043
516,1149,final,0.5652173913043478,0,0,0.782608695652174
517,1150,final,0.5217391304347826,0,0,0.13043478260869565
518,1151,final,0.4782608695652174,0,0,0.30434782608695654
519,1152,final,0.43478260869565216,0,0,0.6086956521739131
520,1153,final,0.391304347826087,0,0,0.2608695652173913
521,1154,final,0.34782608695652173,0,0,0.4782608695652174
522,1155,final,0.30434782608695654,0,0,0.8260869565217391
523,1156,final,0.2608695652173913,0,0,0.5217391304347826
524,1157,final,0.21739130434782608,0,0,0.34782608695652173
525,1158,final,0.17391304347826086,0,0,0.08695652173913043
526,1159,final,0.13043478260869565,0,0,0.43478260869565216
527,1160,final,0.08695652173913043,0,0,0.08695652173913043
528,1161,final,0.043478260869565216,1,0,0.2608695652173913
529,1162,final,1.0,0,1,0.4583333333333333
530,1163,final,0.9583333333333334,0,0,0.7916666666666666
531,1164,final,0.9166666666666666,0,0,0.625
532,1165,final,0.875,0,0,0.9166666666666666
533,1166,final,0.8333333333333334,0,0,0.2916666666666667
534,1167,final,0.7916666666666666,0,0,0.4166666666666667
535,1168,final,0.75,0,0,0.75
536,1169,final,0.7083333333333334,0,0,0.6666666666666666
537,1170,final,0.6666666666666666,0,0,0.20833333333333334
538,1171,final,0.625,0,0,0.8333333333333334
539,1172,final,0.5833333333333334,0,0,1.0
540,1173,final,0.5416666666666666,0,0,0.2916666666666667
541,1174,final,0.5,0,0,0.5416666666666666
542,1175,final,0.4583333333333333,0,0,0.16666666666666666
543,1176,final,0.4166666666666667,0,0,0.041666666666666664
544,1177,final,0.375,0,0,0.9583333333333334
545,1178,final,0.3333333333333333,0,0,0.5833333333333334
546,1179,final,0.2916666666666667,0,0,0.7083333333333334
547,1180,final,0.25,0,0,0.3333333333333333
548,1181,final,0.20833333333333334,0,0,0.08333333333333333
549,1182,final,0.16666666666666666,0,0,0.875
550,1183,final,0.125,0,0,0.375
551,1184,final,0.08333333333333333,0,0,0.5
552,1185,final,0.041666666666666664,1,0,0.125
553,1186,final,0.043478260869565216,1,0,0.17391304347826086
554,1187,final,0.08695652173913043,0,0,0.5217391304347826
555,1188,final,0.13043478260869565,0,0,0.043478260869565216
556,1189,final,0.17391304347826086,0,0,0.8695652173913043
557,1190,final,0.21739130434782608,0,0,0.5217391304347826
558,1191,final,0.2608695652173913,0,0,0.5652173913043478
559,1192,final,0.30434782608695654,0,0,0.34782608695652173
560,1193,final,0.34782608695652173,0,0,0.43478260869565216
561,1194,final,0.391304347826087,0,0,0.6956521739130435
562,1195,final,0.43478260869565216,0,0,0.21739130434782608
563,1196,final,0.4782608695652174,0,0,0.6956521739130435
564,1197,final,0.5217391304347826,0,0,0.2608695652173913
565,1198,final,0.5652173913043478,0,0,0.9565217391304348
566,1199,final,0.6086956521739131,0,0,0.08695652173913043
567,1200,final,0.6521739130434783,0,0,1.0
568,1201,final,0.6956521739130435,0,0,0.13043478260869565
569,1202,final,0.7391304347826086,0,0,0.30434782608695654
570,1203,final,0.782608695652174,0,0,0.6086956521739131
571,1204,final,0.8260869565217391,0,0,0.8260869565217391
572,1205,final,0.8695652173913043,0,0,0.391304347826087
573,1206,final,0.9130434782608695,0,0,0.9130434782608695
574,1207,final,0.9565217391304348,0,0,0.7391304347826086
575,1208,final,1.0,0,1,0.782608695652174
576,1209,final,1.0,0,1,0.28
577,1210,final,0.96,0,0,0.48
578,1211,final,0.92,0,0,0.56
579,1212,final,0.88,0,0,0.72
580,1213,final,0.84,0,0,0.44
581,1214,final,0.8,0,0,0.8
582,1215,final,0.76,0,0,0.64
583,1216,final,0.72,0,0,0.88
584,1217,final,0.68,0,0,0.6
585,1218,final,0.64,0,0,0.96
586,1219,final,0.6,0,0,0.16
587,1220,final,0.56,0,0,0.56
588,1221,final,0.52,0,0,0.68
589,1222,final,0.48,0,0,0.32
590,1223,final,0.44,0,0,0.12
591,1224,final,0.4,0,0,0.92
592,1225,final,0.36,0,0,0.76
593,1226,final,0.32,0,0,1.0
594,1227,final,0.28,0,0,0.36
595,1228,final,0.24,0,0,0.2
596,1229,final,0.2,0,0,0.04
597,1230,final,0.16,0,0,0.4
598,1231,final,0.12,0,0,0.08
599,1232,final,0.08,0,0,0.24
600,1233,final,0.04,1,0,0.84
601,1234,final,1.0,0,1,0.24
602,1235,final,0.96,0,0,1.0
603,1236,final,0.92,0,0,0.36
604,1237,final,0.88,0,0,0.76
605,1238,final,0.84,0,0,0.4
606,1239,final,0.8,0,0,0.44
607,1240,final,0.76,0,0,0.56
608,1241,final,0.72,0,0,0.68
609,1242,final,0.68,0,0,0.56
610,1243,final,0.64,0,0,0.48
611,1244,final,0.6,0,0,0.08
612,1245,final,0.56,0,0,0.32
613,1246,final,0.52,0,0,0.72
614,1247,final,0.48,0,0,0.6
615,1248,final,0.44,0,0,0.32
616,1249,final,0.4,0,0,0.8
617,1250,final,0.36,0,0,0.88
618,1251,final,0.32,0,0,0.16
619,1252,final,0.28,0,0,0.16
620,1253,final,0.24,0,0,0.64
621,1254,final,0.2,0,0,0.96
622,1255,final,0.16,0,0,0.2
623,1256,final,0.12,0,0,0.08
624,1257,final,0.08,0,0,0.92
625,1258,final,0.04,1,0,0.84
626,1259,final,1.0,0,1,0.9130434782608695
627,1260,final,0.9565217391304348,0,0,0.2608695652173913
628,1261,final,0.9130434782608695,0,0,0.08695652173913043
629,1262,final,0.8695652173913043,0,0,0.391304347826087
630,1263,final,0.8260869565217391,0,0,0.4782608695652174
631,1264,final,0.782608695652174,0,0,0.043478260869565216
632,1265,final,0.7391304347826086,0,0,1.0
633,1266,final,0.6956521739130435,0,0,0.34782608695652173
634,1267,final,0.6521739130434783,0,0,0.7391304347826086
635,1268,final,0.6086956521739131,0,0,0.13043478260869565
636,1269,final,0.5652173913043478,0,0,0.21739130434782608
637,1270,final,0.5217391304347826,0,0,0.9565217391304348
638,1271,final,0.4782608695652174,0,0,0.8260869565217391
639,1272,final,0.43478260869565216,0,0,0.43478260869565216
640,1273,final,0.391304347826087,0,0,0.34782608695652173
641,1274,final,0.34782608695652173,0,0,0.6086956521739131
642,1275,final,0.30434782608695654,0,0,0.8695652173913043
643,1276,final,0.2608695652173913,0,0,0.6086956521739131
644,1277,final,0.21739130434782608,0,0,0.6521739130434783
645,1278,final,0.17391304347826086,0,0,0.782608695652174
646,1279,final,0.13043478260869565,0,0,0.17391304347826086
647,1280,final,0.08695652173913043,0,0,0.6956521739130435
648,1281,final,0.043478260869565216,1,0,0.5217391304347826
649,1282,final,1.0,0,1,0.5217391304347826
650,1283,final,0.9565217391304348,0,0,0.6086956521739131
651,1284,final,0.9130434782608695,0,0,0.6956521739130435
652,1285,final,0.8695652173913043,0,0,0.7391304347826086
653,1286,final,0.8260869565217391,0,0,0.8260869565217391
654,1287,final,0.782608695652174,0,0,0.9130434782608695
655,1288,final,0.7391304347826086,0,0,0.6521739130434783
656,1289,final,0.6956521739130435,0,0,0.13043478260869565
657,1290,final,0.6521739130434783,0,0,0.6086956521739131
658,1291,final,0.6086956521739131,0,0,0.17391304347826086
659,1292,final,0.5652173913043478,0,0,0.08695652173913043
660,1293,final,0.5217391304347826,0,0,0.8695652173913043
661,1294,final,0.4782608695652174,0,0,0.782608695652174
662,1295,final,0.43478260869565216,0,0,0.34782608695652173
663,1296,final,0.391304347826087,0,0,0.9565217391304348
664,1297,final,0.34782608695652173,0,0,0.4782608695652174
665,1298,final,0.30434782608695654,0,0,0.391304347826087
666,1299,final,0.2608695652173913,0,0,0.30434782608695654
667,1300,final,0.21739130434782608,0,0,1.0
668,1301,final,0.17391304347826086,0,0,0.21739130434782608
669,1302,final,0.13043478260869565,0,0,0.043478260869565216
670,1303,final,0.08695652173913043,0,0,0.43478260869565216
671,1304,final,0.043478260869565216,1,0,0.2608695652173913
672,1305,final,1.0,0,1,0.76
673,1306,final,0.96,0,0,0.96
674,1307,final,0.92,0,0,0.68
675,1308,final,0.88,0,0,0.88
676,1309,final,0.84,0,0,0.32
677,1310,final,0.8,0,0,0.36
678,1311,final,0.76,0,0,0.48
679,1312,final,0.72,0,0,0.44
680,1313,final,0.68,0,0,0.8
681,1314,final,0.64,0,0,0.04
682,1315,final,0.6,0,0,0.28
683,1316,final,0.56,0,0,0.92
684,1317,final,0.52,0,0,0.12
685,1318,final,0.48,0,0,0.84
686,1319,final,0.44,0,0,0.2
687,1320,final,0.4,0,0,0.08
688,1321,final,0.36,0,0,0.28
689,1322,final,0.32,0,0,0.72
690,1323,final,0.28,0,0,0.4
691,1324,final,0.24,0,0,0.64
692,1325,final,0.2,0,0,0.56
693,1326,final,0.16,0,0,0.6
694,1327,final,0.12,0,0,1.0
695,1328,final,0.08,0,0,0.16
696,1329,final,0.04,1,0,0.52
697,1330,final,1.0,0,1,0.84
698,1331,final,0.96,0,0,0.08
699,1332,final,0.92,0,0,0.28
700,1333,final,0.88,0,0,0.6
701,1334,final,0.84,0,0,0.44
702,1335,final,0.8,0,0,0.8
703,1336,final,0.76,0,0,0.96
704,1337,final,0.72,0,0,0.4
705,1338,final,0.68,0,0,0.36
706,1339,final,0.64,0,0,0.16
707,1340,final,0.6,0,0,0.24
708,1341,final,0.56,0,0,1.0
709,1342,final,0.52,0,0,0.76
710,1343,final,0.48,0,0,0.88
711,1344,final,0.44,0,0,0.64
712,1345,final,0.4,0,0,0.48
713,1346,final,0.36,0,0,0.52
714,1347,final,0.32,0,0,0.72
715,1348,final,0.04,1,0,0.56
716,1349,final,0.08,0,0,0.2
717,1350,final,0.12,0,0,0.32
718,1351,final,0.16,0,0,0.92
719,1352,final,0.2,0,0,0.16
720,1353,final,0.24,0,0,0.68
721,1354,final,0.28,0,0,0.04
722,1355,final,1.0,0,1,0.6521739130434783
723,1356,final,0.043478260869565216,1,0,0.43478260869565216
724,1357,final,0.08695652173913043,0,0,0.17391304347826086
725,1358,final,0.13043478260869565,0,0,0.782608695652174
726,1359,final,0.17391304347826086,0,0,0.21739130434782608
727,1360,final,0.21739130434782608,0,0,0.8260869565217391
728,1361,final,0.2608695652173913,0,0,0.6956521739130435
729,1362,final,0.30434782608695654,0,0,0.08695652173913043
730,1363,final,0.34782608695652173,0,0,0.30434782608695654
731,1364,final,0.391304347826087,0,0,0.5652173913043478
732,1365,final,0.43478260869565216,0,0,0.9130434782608695
733,1366,final,0.4782608695652174,0,0,0.7391304347826086
734,1367,final,0.5217391304347826,0,0,0.043478260869565216
735,1368,final,0.5652173913043478,0,0,0.391304347826087
736,1369,final,0.6086956521739131,0,0,0.13043478260869565
737,1370,final,0.6521739130434783,0,0,0.6086956521739131
738,1371,final,0.6956521739130435,0,0,0.9565217391304348
739,1372,final,0.7391304347826086,0,0,1.0
740,1373,final,0.782608695652174,0,0,0.5217391304347826
741,1374,final,0.8260869565217391,0,0,0.8695652173913043
742,1375,final,0.8695652173913043,0,0,0.4782608695652174
743,1376,final,0.9130434782608695,0,0,0.2608695652173913
744,1377,final,0.9565217391304348,0,0,0.34782608695652173
745,1378,final,1.0,0,1,0.7272727272727273
746,1379,final,0.9545454545454546,0,0,0.6363636363636364
747,1380,final,0.9090909090909091,0,0,0.5909090909090909
748,1381,final,0.8636363636363636,0,0,0.8636363636363636
749,1382,final,0.8181818181818182,0,0,0.3181818181818182
750,1383,final,0.7727272727272727,0,0,0.22727272727272727
751,1384,final,0.7272727272727273,0,0,0.13636363636363635
752,1385,final,0.6818181818181818,0,0,0.9090909090909091
753,1386,final,0.6363636363636364,0,0,0.2727272727272727
754,1387,final,0.5909090909090909,0,0,0.18181818181818182
755,1388,final,0.5454545454545454,0,0,0.6818181818181818
756,1389,final,0.5,0,0,0.5909090909090909
757,1390,final,0.45454545454545453,0,0,0.5
758,1391,final,0.4090909090909091,0,0,0.9545454545454546
759,1392,final,0.36363636363636365,0,0,1.0
760,1393,final,0.3181818181818182,0,0,0.4090909090909091
761,1394,final,0.2727272727272727,0,0,0.045454545454545456
762,1395,final,0.22727272727272727,0,0,0.8181818181818182
763,1396,final,0.18181818181818182,0,0,0.45454545454545453
764,1397,final,0.13636363636363635,0,0,0.7727272727272727
765,1398,final,0.09090909090909091,0,0,0.36363636363636365
766,1399,final,0.045454545454545456,1,0,0.09090909090909091
767,1400,final,1.0,0,1,0.09090909090909091
768,1401,final,0.9545454545454546,0,0,0.4090909090909091
769,1402,final,0.9090909090909091,0,0,0.5909090909090909
770,1403,final,0.8636363636363636,0,0,1.0
771,1404,final,0.8181818181818182,0,0,0.3181818181818182
772,1405,final,0.7727272727272727,0,0,0.9545454545454546
773,1406,final,0.7272727272727273,0,0,0.13636363636363635
774,1407,final,0.6818181818181818,0,0,0.7272727272727273
775,1408,final,0.6363636363636364,0,0,0.9545454545454546
776,1409,final,0.5909090909090909,0,0,0.6363636363636364
777,1410,final,0.5454545454545454,0,0,0.5454545454545454
778,1411,final,0.5,0,0,0.6818181818181818
779,1412,final,0.45454545454545453,0,0,0.22727272727272727
780,1413,final,0.4090909090909091,0,0,0.09090909090909091
781,1414,final,0.36363636363636365,0,0,0.8636363636363636
782,1415,final,0.3181818181818182,0,0,0.7727272727272727
783,1416,final,0.2727272727272727,0,0,0.45454545454545453
784,1417,final,0.22727272727272727,0,0,0.36363636363636365
785,1418,final,0.18181818181818182,0,0,0.2727272727272727
786,1419,final,0.13636363636363635,0,0,0.5
787,1420,final,0.09090909090909091,0,0,0.18181818181818182
788,1421,final,0.045454545454545456,1,0,0.8181818181818182
789,1422,final,1.0,0,1,1.0
790,1423,final,0.9545454545454546,0,0,0.4090909090909091
791,1424,final,0.9090909090909091,0,0,0.045454545454545456
792,1425,final,0.8636363636363636,0,0,0.6363636363636364
793,1426,final,0.8181818181818182,0,0,0.45454545454545453
794,1427,final,0.7727272727272727,0,0,0.5454545454545454
795,1428,final,0.7272727272727273,0,0,0.7727272727272727
796,1429,final,0.6818181818181818,0,0,0.6818181818181818
797,1430,final,0.6363636363636364,0,0,0.7272727272727273
798,1431,final,0.5909090909090909,0,0,0.8181818181818182
799,1432,final,0.5454545454545454,0,0,0.9090909090909091
800,1433,final,0.5,0,0,0.13636363636363635
801,1434,final,0.45454545454545453,0,0,0.8636363636363636
802,1435,final,0.4090909090909091,0,0,0.3181818181818182
803,1436,final,0.36363636363636365,0,0,0.2727272727272727
804,1437,final,0.3181818181818182,0,0,0.9545454545454546
805,1438,final,0.2727272727272727,0,0,0.18181818181818182
806,1439,final,0.22727272727272727,0,0,0.09090909090909091
807,1440,final,0.18181818181818182,0,0,0.36363636363636365
808,1441,final,0.13636363636363635,0,0,0.22727272727272727
809,1442,final,0.09090909090909091,0,0,0.5
810,1443,final,0.045454545454545456,1,0,0.6363636363636364
811,1444,final,1.0,0,1,0.7619047619047619
812,1445,final,0.9523809523809523,0,0,0.19047619047619047
813,1446,final,0.9047619047619048,0,0,0.5714285714285714
814,1447,final,0.8571428571428571,0,0,0.47619047619047616
815,1448,final,0.8095238095238095,0,0,0.8571428571428571
816,1449,final,0.7619047619047619,0,0,0.19047619047619047
817,1450,final,0.7142857142857143,0,0,0.8095238095238095
818,1451,final,0.6666666666666666,0,0,0.23809523809523808
819,1452,final,0.6190476190476191,0,0,0.9047619047619048
820,1453,final,0.5714285714285714,0,0,0.047619047619047616
821,1454,final,0.5238095238095238,0,0,0.38095238095238093
822,1455,final,0.47619047619047616,0,0,0.6666666666666666
823,1456,final,0.42857142857142855,0,0,1.0
824,1457,final,0.38095238095238093,0,0,0.7142857142857143
825,1458,final,0.3333333333333333,0,0,0.6190476190476191
826,1459,final,0.2857142857142857,0,0,0.5238095238095238
827,1460,final,0.23809523809523808,0,0,0.3333333333333333
828,1461,final,0.19047619047619047,0,0,0.9523809523809523
829,1462,final,0.14285714285714285,0,0,0.09523809523809523
830,1463,final,0.09523809523809523,0,0,0.47619047619047616
831,1464,final,0.047619047619047616,1,0,0.2857142857142857
832,1465,final,1.0,0,1,0.2727272727272727
833,1466,final,0.9545454545454546,0,0,0.8636363636363636
834,1467,final,0.9090909090909091,0,0,1.0
835,1468,final,0.8636363636363636,0,0,0.8181818181818182
836,1469,final,0.8181818181818182,0,0,0.36363636363636365
837,1470,final,0.7727272727272727,0,0,0.7272727272727273
838,1471,final,0.7272727272727273,0,0,0.9545454545454546
839,1472,final,0.6818181818181818,0,0,0.4090909090909091
840,1473,final,0.6363636363636364,0,0,0.45454545454545453
841,1474,final,0.5909090909090909,0,0,0.09090909090909091
842,1475,final,0.5454545454545454,0,0,0.8181818181818182
843,1476,final,0.5,0,0,0.5909090909090909
844,1477,final,0.45454545454545453,0,0,0.045454545454545456
845,1478,final,0.4090909090909091,0,0,0.18181818181818182
846,1479,final,0.36363636363636365,0,0,0.22727272727272727
847,1480,final,0.3181818181818182,0,0,0.9090909090909091
848,1481,final,0.2727272727272727,0,0,0.5
849,1482,final,0.22727272727272727,0,0,0.5454545454545454
850,1483,final,0.18181818181818182,0,0,0.3181818181818182
851,1484,final,0.13636363636363635,0,0,0.13636363636363635
852,1485,final,0.09090909090909091,0,0,0.6818181818181818
853,1486,final,0.045454545454545456,1,0,0.6363636363636364
854,1487,final,1.0,0,1,0.35
855,1488,final,0.95,0,0,0.3
856,1489,final,0.9,0,0,0.75
857,1490,final,0.85,0,0,0.8
858,1491,final,0.8,0,0,0.15
859,1492,final,0.75,0,0,0.05
860,1493,final,0.7,0,0,0.65
861,1494,final,0.65,0,0,1.0
862,1495,final,0.6,0,0,0.85
863,1496,final,0.55,0,0,0.1
864,1497,final,0.5,0,0,0.95
865,1498,final,0.45,0,0,0.55
866,1499,final,0.4,0,0,0.6
867,1500,final,0.35,0,0,0.4
868,1501,final,0.3,0,0,0.25
869,1502,final,0.25,0,0,0.7
870,1503,final,0.2,0,0,0.45
871,1504,final,0.15,0,0,0.2
872,1505,final,0.1,0,0,0.5
873,1506,final,0.05,1,0,0.9
874,1507,final,1.0,0,1,0.21052631578947367
875,1508,final,0.9473684210526315,0,0,0.3684210526315789
876,1509,final,0.8947368421052632,0,0,0.631578947368421
877,1510,final,0.8421052631578947,0,0,0.8947368421052632
878,1511,final,0.7894736842105263,0,0,0.42105263157894735
879,1512,final,0.7368421052631579,0,0,0.8421052631578947
880,1513,final,0.6842105263157895,0,0,1.0
881,1514,final,0.631578947368421,0,0,0.6842105263157895
882,1515,final,0.5789473684210527,0,0,0.7894736842105263
883,1516,final,0.5263157894736842,0,0,0.9473684210526315
884,1517,final,0.47368421052631576,0,0,0.10526315789473684
885,1518,final,0.42105263157894735,0,0,0.05263157894736842
886,1519,final,0.3684210526315789,0,0,0.3157894736842105
887,1520,final,0.3157894736842105,0,0,0.5263157894736842
888,1521,final,0.2631578947368421,0,0,0.3157894736842105
889,1522,final,0.21052631578947367,0,0,0.47368421052631576
890,1523,final,0.15789473684210525,0,0,0.21052631578947367
891,1524,final,0.10526315789473684,0,0,0.5789473684210527
892,1525,final,0.05263157894736842,1,0,0.7368421052631579
893,1526,final,1.0,0,1,0.47368421052631576
894,1527,final,0.9473684210526315,0,0,0.7894736842105263
895,1528,final,0.8947368421052632,0,0,0.21052631578947367
896,1529,final,0.8421052631578947,0,0,0.5789473684210527
897,1530,final,0.7894736842105263,0,0,0.42105263157894735
898,1531,final,0.7368421052631579,0,0,0.3684210526315789
899,1532,final,0.6842105263157895,0,0,0.05263157894736842
900,1533,final,0.631578947368421,0,0,0.10526315789473684
901,1534,final,0.5789473684210527,0,0,0.3684210526315789
902,1535,final,0.5263157894736842,0,0,0.8421052631578947
903,1536,final,0.47368421052631576,0,0,0.9473684210526315
904,1537,final,0.42105263157894735,0,0,0.7894736842105263
905,1538,final,0.3684210526315789,0,0,0.2631578947368421
906,1539,final,0.3157894736842105,0,0,0.6842105263157895
907,1540,final,0.2631578947368421,0,0,0.15789473684210525
908,1541,final,0.21052631578947367,0,0,0.8947368421052632
909,1542,final,0.15789473684210525,0,0,0.631578947368421
910,1543,final,0.10526315789473684,0,0,0.5263157894736842
911,1544,final,0.05263157894736842,1,0,1.0
912,1545,final,1.0,0,1,1.0
913,1546,final,0.95,0,0,0.15
914,1547,final,0.9,0,0,0.6
915,1548,final,0.85,0,0,0.4
916,1549,final,0.8,0,0,0.95
917,1550,final,0.75,0,0,0.2
918,1551,final,0.7,0,0,0.8
919,1552,final,0.65,0,0,0.25
920,1553,final,0.6,0,0,0.85
921,1554,final,0.55,0,0,0.7
922,1555,final,0.5,0,0,0.35
923,1556,final,0.45,0,0,0.5
924,1557,final,0.4,0,0,0.3
925,1558,final,0.35,0,0,0.1
926,1559,final,0.3,0,0,0.1
927,1560,final,0.25,0,0,0.5
928,1561,final,0.2,0,0,0.9
929,1562,final,0.15,0,0,0.75
930,1563,final,0.1,0,0,0.6
931,1564,final,0.05,1,0,0.65
932,1565,final,1.0,0,1,1.0
933,1566,final,0.05555555555555555,1,0,0.3333333333333333
934,1567,final,0.1111111111111111,0,0,0.7222222222222222
935,1568,final,0.16666666666666666,0,0,0.3888888888888889
936,1569,final,0.2222222222222222,0,0,0.6666666666666666
937,1570,final,0.2777777777777778,0,0,0.2222222222222222
938,1571,final,0.3333333333333333,0,0,0.05555555555555555
939,1572,final,0.3888888888888889,0,0,0.8888888888888888
940,1573,final,0.4444444444444444,0,0,0.7777777777777778
941,1574,final,0.5,0,0,0.6111111111111112
942,1575,final,0.5555555555555556,0,0,0.5555555555555556
943,1576,final,0.6111111111111112,0,0,0.8333333333333334
944,1577,final,0.6666666666666666,0,0,0.5
945,1578,final,0.7222222222222222,0,0,0.1111111111111111
946,1579,final,0.7777777777777778,0,0,0.2777777777777778
947,1580,final,0.8333333333333334,0,0,0.9444444444444444
948,1581,final,0.8888888888888888,0,0,0.16666666666666666
949,1582,final,0.9444444444444444,0,0,0.4444444444444444
950,1583,final,1.0,0,1,0.55
951,1584,final,0.95,0,0,0.85
952,1585,final,0.9,0,0,0.75
953,1586,final,0.85,0,0,0.65
954,1587,final,0.8,0,0,0.4
955,1588,final,0.75,0,0,0.15
956,1589,final,0.7,0,0,1.0
957,1590,final,0.65,0,0,0.05
958,1591,final,0.6,0,0,0.8
959,1592,final,0.55,0,0,0.6
960,1593,final,0.5,0,0,0.35
961,1594,final,0.45,0,0,0.9
962,1595,final,0.4,0,0,0.25
963,1596,final,0.35,0,0,0.3
964,1597,final,0.3,0,0,0.5
965,1598,final,0.25,0,0,0.7
966,1599,final,0.2,0,0,0.5
967,1600,final,0.15,0,0,0.95
968,1601,final,0.1,0,0,0.15
969,1602,final,0.05,1,0,0.2
970,1603,final,1.0,0,1,0.15789473684210525
971,1604,final,0.9473684210526315,0,0,0.42105263157894735
972,1605,final,0.8947368421052632,0,0,1.0
973,1606,final,0.8421052631578947,0,0,0.47368421052631576
974,1607,final,0.7894736842105263,0,0,0.7894736842105263
975,1608,final,0.7368421052631579,0,0,0.6842105263157895
976,1609,final,0.6842105263157895,0,0,0.8947368421052632
977,1610,final,0.631578947368421,0,0,0.9473684210526315
978,1611,final,0.5789473684210527,0,0,0.21052631578947367
979,1612,final,0.5263157894736842,0,0,0.05263157894736842
980,1613,final,0.47368421052631576,0,0,0.8421052631578947
981,1614,final,0.42105263157894735,0,0,0.5263157894736842
982,1615,final,0.3684210526315789,0,0,0.3157894736842105
983,1616,final,0.3157894736842105,0,0,0.7368421052631579
984,1617,final,0.2631578947368421,0,0,0.10526315789473684
985,1618,final,0.21052631578947367,0,0,0.5789473684210527
986,1619,final,0.15789473684210525,0,0,0.3684210526315789
987,1620,final,0.10526315789473684,0,0,0.2631578947368421
988,1621,final,0.05263157894736842,1,0,0.631578947368421
989,1622,final,1.0,0,1,0.9473684210526315
990,1623,final,0.9473684210526315,0,0,0.10526315789473684
991,1624,final,0.8947368421052632,0,0,0.6842105263157895
992,1625,final,0.8421052631578947,0,0,0.47368421052631576
993,1626,final,0.7894736842105263,0,0,0.15789473684210525
994,1627,final,0.7368421052631579,0,0,0.42105263157894735
995,1628,final,0.6842105263157895,0,0,0.3684210526315789
996,1629,final,0.631578947368421,0,0,0.10526315789473684
997,1630,final,0.5789473684210527,0,0,0.8947368421052632
998,1631,final,0.5263157894736842,0,0,1.0
999,1632,final,0.47368421052631576,0,0,0.8421052631578947
1000,1633,final,0.42105263157894735,0,0,0.5263157894736842
1001,1634,final,0.3684210526315789,0,0,0.631578947368421
1002,1635,final,0.3157894736842105,0,0,0.21052631578947367
1003,1636,final,0.2631578947368421,0,0,0.3157894736842105
1004,1637,final,0.21052631578947367,0,0,0.7894736842105263
1005,1638,final,0.15789473684210525,0,0,0.7368421052631579
1006,1639,final,0.10526315789473684,0,0,0.2631578947368421
1007,1640,final,0.05263157894736842,1,0,0.5789473684210527
1008,1641,final,1.0,0,1,0.35
1009,1642,final,0.95,0,0,0.3
1010,1643,final,0.9,0,0,1.0
1011,1644,final,0.85,0,0,0.7
1012,1645,final,0.8,0,0,0.25
1013,1646,final,0.75,0,0,0.65
1014,1647,final,0.7,0,0,0.85
1015,1648,final,0.65,0,0,0.75
1016,1649,final,0.6,0,0,0.15
1017,1650,final,0.55,0,0,0.4
1018,1651,final,0.5,0,0,0.95
1019,1652,final,0.45,0,0,0.6
1020,1653,final,0.4,0,0,0.5
1021,1654,final,0.35,0,0,0.6
1022,1655,final,0.3,0,0,0.9
1023,1656,final,0.25,0,0,0.2
1024,1657,final,0.2,0,0,0.15
1025,1658,final,0.15,0,0,0.45
1026,1659,final,0.1,0,0,0.05
1027,1660,final,0.05,1,0,0.8
1028,1661,final,1.0,0,1,1.0
1029,1662,final,0.9444444444444444,0,0,0.6666666666666666
1030,1663,final,0.8888888888888888,0,0,0.5
1031,1664,final,0.8333333333333334,0,0,0.3333333333333333
1032,1665,final,0.7777777777777778,0,0,0.5555555555555556
1033,1666,final,0.7222222222222222,0,0,0.05555555555555555
1034,1667,final,0.6666666666666666,0,0,0.7222222222222222
1035,1668,final,0.6111111111111112,0,0,0.4444444444444444
1036,1669,final,0.5555555555555556,0,0,0.7777777777777778
1037,1670,final,0.5,0,0,0.9444444444444444
1038,1671,final,0.4444444444444444,0,0,0.2777777777777778
1039,1672,final,0.3888888888888889,0,0,0.16666666666666666
1040,1673,final,0.3333333333333333,0,0,0.6111111111111112
1041,1674,final,0.2777777777777778,0,0,0.2777777777777778
1042,1675,final,0.2222222222222222,0,0,0.1111111111111111
1043,1676,final,0.16666666666666666,0,0,0.3888888888888889
1044,1677,final,0.1111111111111111,0,0,0.8333333333333334
1045,1678,final,0.05555555555555555,1,0,0.8888888888888888
1046,1679,final,1.0,0,1,0.1111111111111111
1047,1680,final,0.9444444444444444,0,0,0.9444444444444444
1048,1681,final,0.8888888888888888,0,0,0.8888888888888888
1049,1682,final,0.8333333333333334,0,0,0.3888888888888889
1050,1683,final,0.7777777777777778,0,0,0.7777777777777778
1051,1684,final,0.7222222222222222,0,0,0.6666666666666666
1052,1685,final,0.6666666666666666,0,0,0.16666666666666666
1053,1686,final,0.6111111111111112,0,0,0.4444444444444444
1054,1687,final,0.5555555555555556,0,0,0.3333333333333333
1055,1688,final,0.5,0,0,0.05555555555555555
1056,1689,final,0.4444444444444444,0,0,0.5555555555555556
1057,1690,final,0.3888888888888889,0,0,0.5
1058,1691,final,0.3333333333333333,0,0,0.6111111111111112
1059,1692,final,0.2777777777777778,0,0,0.2777777777777778
1060,1693,final,0.2222222222222222,0,0,0.7222222222222222
1061,1694,final,0.16666666666666666,0,0,0.2222222222222222
1062,1695,final,0.1111111111111111,0,0,0.8333333333333334
1063,1696,final,0.05555555555555555,1,0,1.0
1064,1697,final,1.0,0,1,0.8947368421052632
1065,1698,final,0.9473684210526315,0,0,0.631578947368421
1066,1699,final,0.8947368421052632,0,0,0.5263157894736842
1067,1700,final,0.8421052631578947,0,0,0.21052631578947367
1068,1701,final,0.7894736842105263,0,0,0.6842105263157895
1069,1702,final,0.7368421052631579,0,0,0.3684210526315789
1070,1703,final,0.6842105263157895,0,0,0.05263157894736842
1071,1704,final,0.631578947368421,0,0,0.47368421052631576
1072,1705,final,0.5789473684210527,0,0,0.2631578947368421
1073,1706,final,0.5263157894736842,0,0,0.42105263157894735
1074,1707,final,0.47368421052631576,0,0,0.9473684210526315
1075,1708,final,0.42105263157894735,0,0,0.3684210526315789
1076,1709,final,0.3684210526315789,0,0,0.7368421052631579
1077,1710,final,0.3157894736842105,0,0,0.10526315789473684
1078,1711,final,0.2631578947368421,0,0,0.7894736842105263
1079,1712,final,0.21052631578947367,0,0,0.15789473684210525
1080,1713,final,0.15789473684210525,0,0,0.8421052631578947
1081,1714,final,0.10526315789473684,0,0,0.5789473684210527
1082,1715,final,0.05263157894736842,1,0,1.0
1083,1716,final,1.0,0,1,0.9411764705882353
1084,1717,final,0.9411764705882353,0,0,0.23529411764705882
1085,1718,final,0.8823529411764706,0,0,0.23529411764705882
1086,1719,final,0.8235294117647058,0,0,0.23529411764705882
1087,1720,final,0.7647058823529411,0,0,0.6470588235294118
1088,1721,final,0.7058823529411765,0,0,0.8823529411764706
1089,1722,final,0.6470588235294118,0,0,0.5294117647058824
1090,1723,final,0.5882352941176471,0,0,0.8235294117647058
1091,1724,final,0.5294117647058824,0,0,0.8235294117647058
1092,1725,final,0.47058823529411764,0,0,1.0
1093,1726,final,0.4117647058823529,0,0,0.35294117647058826
1094,1727,final,0.35294117647058826,0,0,0.6470588235294118
1095,1728,final,0.29411764705882354,0,0,0.4117647058823529
1096,1729,final,0.23529411764705882,0,0,0.23529411764705882
1097,1730,final,0.17647058823529413,0,0,0.5294117647058824
1098,1731,final,0.11764705882352941,0,0,0.8235294117647058
1099,1732,final,0.058823529411764705,1,0,0.29411764705882354
1100,1733,final,1.0,0,1,0.8235294117647058
1101,1734,final,0.9411764705882353,0,0,0.17647058823529413
1102,1735,final,0.8823529411764706,0,0,0.8823529411764706
1103,1736,final,0.8235294117647058,0,0,0.47058823529411764
1104,1737,final,0.7647058823529411,0,0,0.23529411764705882
1105,1738,final,0.7058823529411765,0,0,0.7647058823529411
1106,1739,final,0.6470588235294118,0,0,1.0
1107,1740,final,0.5882352941176471,0,0,0.29411764705882354
1108,1741,final,0.5294117647058824,0,0,0.17647058823529413
1109,1742,final,0.47058823529411764,0,0,0.35294117647058826
1110,1743,final,0.4117647058823529,0,0,0.9411764705882353
1111,1744,final,0.35294117647058826,0,0,0.5882352941176471
1112,1745,final,0.29411764705882354,0,0,0.6470588235294118
1113,1746,final,0.23529411764705882,0,0,0.5882352941176471
1114,1747,final,0.17647058823529413,0,0,0.47058823529411764
1115,1748,final,0.11764705882352941,0,0,0.058823529411764705
1116,1749,final,0.058823529411764705,1,0,0.7058823529411765
1117,1750,final,1.0,0,1,0.8333333333333334
1118,1751,final,0.9444444444444444,0,0,1.0
1119,1752,final,0.8888888888888888,0,0,0.1111111111111111
1120,1753,final,0.8333333333333334,0,0,0.16666666666666666
1121,1754,final,0.7777777777777778,0,0,0.3333333333333333
1122,1755,final,0.7222222222222222,0,0,0.5555555555555556
1123,1756,final,0.6666666666666666,0,0,0.7222222222222222
1124,1757,final,0.6111111111111112,0,0,0.7777777777777778
1125,1758,final,0.5555555555555556,0,0,0.3888888888888889
1126,1759,final,0.5,0,0,0.05555555555555555
1127,1760,final,0.4444444444444444,0,0,0.6111111111111112
1128,1761,final,0.3888888888888889,0,0,0.6666666666666666
1129,1762,final,0.3333333333333333,0,0,0.2777777777777778
1130,1763,final,0.2777777777777778,0,0,0.9444444444444444
1131,1764,final,0.2222222222222222,0,0,0.5
1132,1765,final,0.16666666666666666,0,0,0.2222222222222222
1133,1766,final,0.1111111111111111,0,0,0.4444444444444444
1134,1767,final,0.05555555555555555,1,0,0.8888888888888888
1135,1768,final,1.0,0,1,0.1111111111111111
1136,1769,final,0.9444444444444444,0,0,0.6111111111111112
1137,1770,final,0.8888888888888888,0,0,0.2777777777777778
1138,1771,final,0.8333333333333334,0,0,0.5555555555555556
1139,1772,final,0.7777777777777778,0,0,0.7222222222222222
1140,1773,final,0.7222222222222222,0,0,0.4444444444444444
1141,1774,final,0.6666666666666666,0,0,0.7222222222222222
1142,1775,final,0.6111111111111112,0,0,0.7777777777777778
1143,1776,final,0.5555555555555556,0,0,0.2777777777777778
1144,1777,final,0.5,0,0,0.8333333333333334
1145,1778,final,0.4444444444444444,0,0,0.3333333333333333
1146,1779,final,0.3888888888888889,0,0,0.5
1147,1780,final,0.3333333333333333,0,0,0.9444444444444444
1148,1781,final,0.2777777777777778,0,0,0.8888888888888888
1149,1782,final,0.2222222222222222,0,0,0.3888888888888889
1150,1783,final,0.16666666666666666,0,0,1.0
1151,1784,final,0.1111111111111111,0,0,0.05555555555555555
1152,1785,final,0.05555555555555555,1,0,0.16666666666666666
1153,1786,final,1.0,0,1,1.0
1154,1787,final,0.9166666666666666,0,0,0.8333333333333334
1155,1788,final,0.8333333333333334,0,0,0.4166666666666667
1156,1789,final,0.75,0,0,0.75
1157,1790,final,0.6666666666666666,0,0,0.08333333333333333
1158,1791,final,0.5833333333333334,0,0,0.9166666666666666
1159,1792,final,0.5,0,0,0.75
1160,1793,final,0.4166666666666667,0,0,0.4166666666666667
1161,1794,final,0.3333333333333333,0,0,0.16666666666666666
1162,1795,final,0.25,0,0,0.4166666666666667
1163,1796,final,0.16666666666666666,0,0,0.75
1164,1797,final,0.08333333333333333,1,0,0.5
1165,1798,final,1.0,0,1,0.3125
1166,1799,final,0.9375,0,0,0.125
1167,1800,final,0.875,0,0,1.0
1168,1801,final,0.8125,0,0,0.5
1169,1802,final,0.75,0,0,0.0625
1170,1803,final,0.6875,0,0,0.75
1171,1804,final,0.625,0,0,0.625
1172,1805,final,0.5625,0,0,0.5
1173,1806,final,0.5,0,0,1.0
1174,1807,final,0.4375,0,0,1.0
1175,1808,final,0.375,0,0,0.25
1176,1809,final,0.3125,0,0,0.625
1177,1810,final,0.25,0,0,0.6875
1178,1811,final,0.1875,0,0,1.0
1179,1812,final,0.125,0,0,0.375
1180,1813,final,0.0625,1,0,0.25
1181,1814,final,1.0,0,1,0.6470588235294118
1182,1815,final,0.9411764705882353,0,0,0.7058823529411765
1183,1816,final,0.8823529411764706,0,0,1.0
1184,1817,final,0.8235294117647058,0,0,0.8235294117647058
1185,1818,final,0.7647058823529411,0,0,0.29411764705882354
1186,1819,final,0.7058823529411765,0,0,0.9411764705882353
1187,1820,final,0.6470588235294118,0,0,0.47058823529411764
1188,1821,final,0.5882352941176471,0,0,0.8823529411764706
1189,1822,final,0.5294117647058824,0,0,0.11764705882352941
1190,1823,final,0.47058823529411764,0,0,0.7647058823529411
1191,1824,final,0.4117647058823529,0,0,0.6470588235294118
1192,1825,final,0.35294117647058826,0,0,0.29411764705882354
1193,1826,final,0.29411764705882354,0,0,0.4117647058823529
1194,1827,final,0.23529411764705882,0,0,0.29411764705882354
1195,1828,final,0.17647058823529413,0,0,0.6470588235294118
1196,1829,final,0.11764705882352941,0,0,0.11764705882352941
1197,1830,final,0.058823529411764705,1,0,0.4117647058823529
1198,1831,final,0.058823529411764705,1,0,0.23529411764705882
1199,1832,final,0.11764705882352941,0,0,0.8235294117647058
1200,1833,final,0.17647058823529413,0,0,0.23529411764705882
1201,1834,final,0.23529411764705882,0,0,0.8823529411764706
1202,1835,final,0.29411764705882354,0,0,0.35294117647058826
1203,1836,final,0.35294117647058826,0,0,0.058823529411764705
1204,1837,final,0.4117647058823529,0,0,0.5882352941176471
1205,1838,final,0.47058823529411764,0,0,0.35294117647058826
1206,1839,final,0.5294117647058824,0,0,0.5882352941176471
1207,1840,final,0.5882352941176471,0,0,0.6470588235294118
1208,1841,final,0.6470588235294118,0,0,1.0
1209,1842,final,0.7058823529411765,0,0,0.7058823529411765
1210,1843,final,0.7647058823529411,0,0,0.23529411764705882
1211,1844,final,0.8235294117647058,0,0,0.7647058823529411
1212,1845,final,0.8823529411764706,0,0,0.5882352941176471
1213,1846,final,0.9411764705882353,0,0,0.4117647058823529
1214,1847,final,1.0,0,1,0.9411764705882353
1215,1848,final,1.0,0,1,0.5555555555555556
1216,1849,final,0.9444444444444444,0,0,0.8333333333333334
1217,1850,final,0.8888888888888888,0,0,0.2222222222222222
1218,1851,final,0.8333333333333334,0,0,0.16666666666666666
1219,1852,final,0.7777777777777778,0,0,0.1111111111111111
1220,1853,final,0.7222222222222222,0,0,0.1111111111111111
1221,1854,final,0.6666666666666666,0,0,0.7222222222222222
1222,1855,final,0.6111111111111112,0,0,0.6666666666666666
1223,1856,final,0.5555555555555556,0,0,0.9444444444444444
1224,1857,final,0.5,0,0,1.0
1225,1858,final,0.4444444444444444,0,0,0.3333333333333333
1226,1859,final,0.3888888888888889,0,0,0.5
1227,1860,final,0.3333333333333333,0,0,0.8888888888888888
1228,1861,final,0.2777777777777778,0,0,0.6666666666666666
1229,1862,final,0.2222222222222222,0,0,0.5
1230,1863,final,0.16666666666666666,0,0,0.8333333333333334
1231,1864,final,0.1111111111111111,0,0,0.2777777777777778
1232,1865,final,0.05555555555555555,1,0,0.5
1233,1866,final,1.0,0,1,0.6111111111111112
1234,1867,final,0.9444444444444444,0,0,0.3888888888888889
1235,1868,final,0.8888888888888888,0,0,0.2222222222222222
1236,1869,final,0.8333333333333334,0,0,1.0
1237,1870,final,0.7777777777777778,0,0,0.6666666666666666
1238,1871,final,0.7222222222222222,0,0,0.7777777777777778
1239,1872,final,0.6666666666666666,0,0,0.3333333333333333
1240,1873,final,0.6111111111111112,0,0,0.8888888888888888
1241,1874,final,0.5555555555555556,0,0,0.5
1242,1875,final,0.5,0,0,0.5555555555555556
1243,1876,final,0.4444444444444444,0,0,0.2222222222222222
1244,1877,final,0.3888888888888889,0,0,0.3333333333333333
1245,1878,final,0.3333333333333333,0,0,0.8333333333333334
1246,1879,final,0.2777777777777778,0,0,0.2222222222222222
1247,1880,final,0.2222222222222222,0,0,0.7222222222222222
1248,1881,final,0.16666666666666666,0,0,0.2222222222222222
1249,1882,final,0.1111111111111111,0,0,0.9444444444444444
1250,1883,final,0.05555555555555555,1,0,0.4444444444444444
1251,1884,final,1.0,0,1,0.3125
1252,1885,final,0.9375,0,0,0.4375
1253,1886,final,0.875,0,0,0.25
1254,1887,final,0.8125,0,0,0.25
1255,1888,final,0.75,0,0,1.0
1256,1889,final,0.6875,0,0,0.25
1257,1890,final,0.625,0,0,0.875
1258,1891,final,0.5625,0,0,0.25
1259,1892,final,0.5,0,0,0.9375
1260,1893,final,0.4375,0,0,0.8125
1261,1894,final,0.375,0,0,0.6875
1262,1895,final,0.3125,0,0,0.625
1263,1896,final,0.25,0,0,0.5
1264,1897,final,0.1875,0,0,0.5625
1265,1898,final,0.125,0,0,0.4375
1266,1899,final,0.0625,1,0,0.8125
1267,1900,final,1.0,0,1,0.5625
1268,1901,final,0.9375,0,0,0.75
1269,1902,final,0.875,0,0,0.4375
1270,1903,final,0.8125,0,0,0.25
1271,1904,final,0.75,0,0,0.3125
1272,1905,final,0.6875,0,0,0.75
1273,1906,final,0.625,0,0,0.9375
1274,1907,final,0.5625,0,0,0.375
1275,1908,final,0.5,0,0,1.0
1276,1909,final,0.4375,0,0,0.25
1277,1910,final,0.375,0,0,0.875
1278,1911,final,0.3125,0,0,0.25
1279,1912,final,0.25,0,0,0.625
1280,1913,final,0.1875,0,0,0.5
1281,1914,final,0.125,0,0,0.25
1282,1915,final,0.0625,1,0,0.8125
1283,1916,final,1.0,0,1,0.9375
1284,1917,final,0.9375,0,0,0.5
1285,1918,final,0.875,0,0,0.875
1286,1919,final,0.8125,0,0,0.8125
1287,1920,final,0.75,0,0,0.8125
1288,1921,final,0.6875,0,0,0.4375
1289,1922,final,0.625,0,0,0.4375
1290,1923,final,0.5625,0,0,1.0
1291,1924,final,0.5,0,0,0.25
1292,1925,final,0.4375,0,0,0.6875
1293,1926,final,0.375,0,0,0.625
1294,1927,final,0.3125,0,0,0.4375
1295,1928,final,0.25,0,0,0.25
1296,1929,final,0.1875,0,0,0.25
1297,1930,final,0.125,0,0,0.25
1298,1931,final,0.0625,1,0,0.625
1299,1932,final,1.0,0,1,0.75
1300,1933,final,0.9375,0,0,0.9375
1301,1934,final,0.875,0,0,1.0
1302,1935,final,0.8125,0,0,0.75
1303,1936,final,0.75,0,0,0.625
1304,1937,final,0.6875,0,0,0.125
1305,1938,final,0.625,0,0,0.875
1306,1939,final,0.5625,0,0,0.8125
1307,1940,final,0.5,0,0,0.25
1308,1941,final,0.4375,0,0,0.1875
1309,1942,final,0.375,0,0,0.4375
1310,1943,final,0.3125,0,0,0.5625
1311,1944,final,0.25,0,0,0.4375
1312,1945,final,0.1875,0,0,0.125
1313,1946,final,0.125,0,0,0.4375
1314,1947,final,0.0625,1,0,0.5
1315,1948,final,1.0,0,1,1.0
1316,1949,final,0.9230769230769231,0,0,0.46153846153846156
1317,1950,final,0.8461538461538461,0,0,0.7692307692307693
1318,1951,final,0.7692307692307693,0,0,0.15384615384615385
1319,1952,final,0.6923076923076923,0,0,0.46153846153846156
1320,1953,final,0.6153846153846154,0,0,0.8461538461538461
1321,1954,final,0.5384615384615384,0,0,0.5384615384615384
1322,1955,final,0.46153846153846156,0,0,0.7692307692307693
1323,1956,final,0.38461538461538464,0,0,0.6153846153846154
1324,1957,final,0.3076923076923077,0,0,0.3076923076923077
1325,1958,final,0.23076923076923078,0,0,0.07692307692307693
1326,1959,final,0.15384615384615385,0,0,0.3076923076923077
1327,1960,final,0.07692307692307693,1,0,0.9230769230769231
1328,1961,final,1.0,0,1,0.5454545454545454
1329,1962,final,0.9090909090909091,0,0,0.9090909090909091
1330,1963,final,0.8181818181818182,0,0,0.2727272727272727
1331,1964,final,0.7272727272727273,0,0,0.7272727272727273
1332,1965,final,0.6363636363636364,0,0,0.2727272727272727
1333,1966,final,0.5454545454545454,0,0,0.36363636363636365
1334,1967,final,0.45454545454545453,0,0,1.0
1335,1968,final,0.36363636363636365,0,0,0.09090909090909091
1336,1969,final,0.09090909090909091,1,0,0.8181818181818182
1337,1970,final,0.18181818181818182,0,0,0.6363636363636364
1338,1971,final,0.2727272727272727,0,0,0.5454545454545454
1339,1972,final,0.7,0,0,0.6
1340,1973,final,0.6,0,0,0.3
1341,1974,final,0.5,0,0,0.7
1342,1975,final,0.4,0,0,0.2
1343,1976,final,0.3,0,0,1.0
1344,1977,final,0.2,0,0,0.2
1345,1978,final,0.1,1,0,0.8
1346,1979,final,0.8,0,0,0.4
1347,1980,final,0.9,0,0,0.6
1348,1981,final,1.0,0,1,0.9
1349,1982,final,1.0,0,1,0.3
1350,1983,final,0.9,0,0,0.8
1351,1984,final,0.8,0,0,0.9
1352,1985,final,0.7,0,0,0.7
1353,1986,final,0.6,0,0,1.0
1354,1987,final,0.5,0,0,0.1
1355,1988,final,0.4,0,0,0.5
1356,1989,final,0.3,0,0,0.4
1357,1990,final,0.2,0,0,0.7
1358,1991,final,0.1,1,0,0.3
